categoria,nombre,slug,sku,CODIGO,MEDIDAS,EAN13,DUN14,EMPAQUE,COMPOSICION,descripcion,imagen_local,imagen_url,permalink
BALDES,Balde escurridor,balde-escurridor,81905-406,81905-406,,,17790927819051,6 unidades,,BALDE CON ESCURRIDOR | Súper resistente · Práctico y cómodo | Con escurridor de mopas | Limpiá sin necesidad de agacharte ni ensuciarte las manos. | CAPACIDAD 16 litros | EAN 7790927819054,balde-escurridor/img_1.jpg,https://www.medianaranja.com.ar/wp-content/uploads/2020/08/medianaranja_balde.jpg,https://www.medianaranja.com.ar/producto/balde-escurridor/
CABOS,Cabo,cabo,81502-412,81502-412,120 cm (Standard),,17790927815029,12 unidades,,CABO METÁLICO RECUBIERTO | Ideal para sujetar mopas y secadores | Práctico gancho de colgar | Posee rosca standard inferior | EAN 7790927815025,cabo/img_1.jpg,https://www.medianaranja.com.ar/wp-content/uploads/2017/10/MediaNaranja_cabo.jpg,https://www.medianaranja.com.ar/producto/cabo/
FRANELAS,Triple Frisado,triple-frisado,81324,81324,45X50cm,7790927813243,17790927813240,Fardos de 50 unidades,98.5% algodón + 1.5% poliéster,FRANELAS | TRIPLE FRISADO | Atrapa mejor la suciedad. | Recomendado para darle brillo a muebles y objetos de cuero.,triple-frisado/img_1.jpg,https://www.medianaranja.com.ar/wp-content/uploads/2021/07/MediaNaranja_Franela.jpg,https://www.medianaranja.com.ar/producto/franela/
MICROFIBRAS,Lava Autos,lava-autos,81422,81422,50X60cm,7790927814226,17790927814223,Cajas de 10 unidades,80% poliéster + 20% poliamida,"MICROFIBRAS | LAVA AUTOS | Super absorbente • Ultra resistente • No raya • No deja vetas | Ideal para el lavado y secado de la carrocería de tu auto. Gracias a su exclusiva composición remueve la suciedad y absorbe, dejando tu auto limpio con menos esfuerzo y sin dejar marcas.",lava-autos/img_1.jpg,https://www.medianaranja.com.ar/wp-content/uploads/2020/11/MediaNaranja_microfibra_lava_autos.jpg,https://www.medianaranja.com.ar/producto/microfibras-lava-autos/
MICROFIBRAS,1000USOS,1000usos,81423,81423,30X30cm (c/u),7790927814233,17790927814230,Presentación en bolsa de 10 packs.,80% poliéster + 20% algodón,"MICROFIBRAS | 1000USOS | Un paño para cada ambiente • Máxima suavidad. | La misma calidad de siempre en un pack económico que contiene 3 microfibras, brindan la capacidad de limpiar sólo con agua y sin dejar pelusa.",1000usos/img_1.jpg,https://www.medianaranja.com.ar/wp-content/uploads/2017/10/MediaNaranja_1000usos-1.jpg,https://www.medianaranja.com.ar/producto/microfibras-1000usos/
MICROFIBRAS,Tecnológica,tecnologica,81419,81419,25X35cm,7790927814196,17790927814193,Cajas de 10 unidades,80% poliéster + 20% poliamida,"MICROFIBRAS | TECNOLÓGICA | Mayor cuidado • No raya • Ultra resistente | Ideal para la limpieza en seco de todo tipo de productos tecnológicos. La microfibra atrae las partículas por estática, sin rayar ni dejar vetas en las superficies..",tecnologica/img_1.jpg,https://www.medianaranja.com.ar/wp-content/uploads/2017/10/MediaNaranja_MicroTecno.jpg,https://www.medianaranja.com.ar/producto/microfibras-tecnologica/
MICROFIBRAS,Pisos,pisos,81421,81421,48X60cm,7790927814219,17790927814216,Cajas de 5 unidades,80% poliéster + 20% poliamida.,MICROFIBRAS | PISOS | No deja rastros • No acumula olores • Ultra resistente | Todas las virtudes de la microfibra en un tamaño ideal para limpiar el piso. Absorbe el agua de una sola pasada y remueve las manchas fácilmente.,pisos/img_1.jpg,https://www.medianaranja.com.ar/wp-content/uploads/2020/11/MediaNaranja_microfibra_pisos.jpg,https://www.medianaranja.com.ar/producto/microfibras-pisos/
MICROFIBRAS,Vidrios,vidrios,81416,81416,40X40cm,7790927814165,17790927814162,Cajas de 10 unidades,80% poliéster + 20% poliamida,MICROFIBRAS | VIDRIOS | Ultra resistente • Sin Vetas • Sin esfuerzos • No raya | Ideal para la limpieza de vidrios y superficies espejadas. La microfibra atrapa las partículas sin rayar ni dejar vetas.,vidrios/img_1.jpg,https://www.medianaranja.com.ar/wp-content/uploads/2020/11/MediaNaranja_microfibra_vidrios.jpg,https://www.medianaranja.com.ar/producto/microfibras-vidrios/
MICROFIBRAS,Lustradora,lustradora,914060,914060,40X40cm,7798136921438,37798136921439,Cajas de 10 unidades,80% poliéster + 20% poliamida,"MICROFIBRAS | LUSTRADORA | No raya • No deja vetas | Deja tus superficies de madera más brillantes sin esfuerzo. La microfibra atrapa las partículas de una sola pasada, haciendo la limpieza más fácil.",lustradora/img_1.jpg,https://www.medianaranja.com.ar/wp-content/uploads/2017/10/MediaNaranja_MicroLustradora.jpg,https://www.medianaranja.com.ar/producto/microfibras-lustradora/
MICROFIBRAS,Multiuso,multiuso,81417,81417,35X40cm,7790927814172,17790927814179,Cajas de 10 unidades,80% poliéster + 20% poliamida,MICROFIBRAS | MULTIUSO | Super absorbente •  No acumula olores •  Ultra resistente. | Imprescindible para tener siempre a mano tanto en la cocina como en el baño. Remueve la suciedad sólo con agua y es super absorbente.,multiuso/img_1.jpg,https://www.medianaranja.com.ar/wp-content/uploads/2017/10/MediaNaranja_MicroMultiuso.jpg,https://www.medianaranja.com.ar/producto/microfibras-multiuso/
MOPAS,Blanca Microfibra,blanca-microfibra,381903-212,381903-212,23cm,7798136921377,17798136921374,12 unidades,Microfibra blanca,MOPAS | MICROFIBRA | Fácil de usar • Ultra resistente | Limpia sin esfuerzos hasta los rincones más difíciles sin la necesidad de agacharte ni ensuciarte las manos.,blanca-microfibra/img_1.jpg,https://www.medianaranja.com.ar/wp-content/uploads/2020/08/MediaNaranja_MopaMicrofibra.jpg,https://www.medianaranja.com.ar/producto/mopa-microfibra/
MOPAS,Algodón Blanca,algodon-blanca,381902-212,381902-212,23cm,7798136921476,37798136921477,12 unidades,100 % algodón,MOPAS | ALGODÓN BLANCO | Fácil de usar • Ultra resistente •  Puro algodón | Limpia hasta los rincones más difíciles sin la necesidad de agacharte ni ensuciarte las manos.,algodon-blanca/img_1.jpg,https://www.medianaranja.com.ar/wp-content/uploads/2017/10/MediaNaranja_MopaBlancaAlgodon.jpg,https://www.medianaranja.com.ar/producto/mopa-algodon-blanco/
PAÑOS AMARILLOS,Pisos,pisos,81714,81714,50X57cm,7790927817142,1779092787149,Caja de 18 unidades,70% viscosa + 20% polipropileno + 10% poliéster,PAÑOS AMARILLOS | PISOS | Super absorbente • Resistente • No deja pelusa. | Ideal para pisos y grandes superficies. Lavable en el lavarropas.,pisos/img_1.jpg,https://www.medianaranja.com.ar/wp-content/uploads/2017/10/MediaNaranja_amarilloPisos.jpg,https://www.medianaranja.com.ar/producto/panos-amarillos-piso/
PAÑOS AMARILLOS,x3,x3,81713,81713,38X40cm,7790927817135,717790927817132,Cajas de 12 unidades,70% viscosa + 20% polipropileno + 10% poliéster,PAÑOS AMARILLOS | PAÑOS x3 | Resistente • Absorbente • No deja pelusa | Ideal para cocina y ambientes donde se utiliza mucha agua. Lavable en lavarropas.,x3/img_1.jpg,https://www.medianaranja.com.ar/wp-content/uploads/2017/10/MediaNaranja_amarillox3.jpg,https://www.medianaranja.com.ar/producto/panos-amarillos-x3/
PAÑOS AMARILLOS,x1,x1,81712,81712,38X40cm,7790927817128,17790927817125,Cajas de 30 unidades,70% viscosa + 20% prolipropileno + 10% poliéster,PAÑOS AMARILLOS | PAÑO x1 | Resistente • Abosbente • No deja pelusa. | Ideal para la cocina y ambientes donde se utiliza mucha agua. Lavable en lavarropas.,x1/img_1.jpg,https://www.medianaranja.com.ar/wp-content/uploads/2017/10/MediaNaranja_amarillox1.jpg,https://www.medianaranja.com.ar/producto/panos-amarillos-x1/
REJILLAS,Multiuso,multiuso,81100,81100,40X45cm,7790927811003,17790927811000,Fardos de 50 unidades,100% algodón,REJILLAS | MULTIUSO | Super absorbente • Resistente a la lavandina. | Ideal para todo tipo de ambientes.,multiuso/img_1.jpg,https://www.medianaranja.com.ar/wp-content/uploads/2021/07/RejillaMultiuso.jpg,https://www.medianaranja.com.ar/producto/rejilla-multiuso/
REJILLAS,Americana,americana,81116,81116,40X40cm,7790927811164,17790927811161,Fardos de 50 unidades,100% algodón,REJILLAS | AMERICANA | Tejido liviano. | Fácil de secar y escurrir. Ideal para superficies pequeñas y rincones difíciles.,americana/img_1.jpg,https://www.medianaranja.com.ar/wp-content/uploads/2021/07/RejillaAmericana.jpg,https://www.medianaranja.com.ar/producto/rejilla-americana/
REJILLAS,Lavacoche,lavacoche,81603,81603,42X58cm,7790927816039,17790927816036,Fardos de 50 unidades,100% algodón,REJILLAS | LAVACOCHE | Especial autos • Extra suave. | Absorbe más y seca sin dejar rayas.,lavacoche/img_1.jpg,https://www.medianaranja.com.ar/wp-content/uploads/2021/07/RejillaLavacoches.jpg,https://www.medianaranja.com.ar/producto/rejilla-lavacoche/
REJILLAS,Doble Reforzada,doble-reforzada,81114,81114,40X45cm,7790927811140,17790927811147,Fardos de 50 unidades,100% algodón,REJILLAS | DOBLE REFORZADA | Ultra resistente | Dura más porque tiene sus bordes y centros reforzados. Ideal para uso diario.,doble-reforzada/img_1.jpg,https://www.medianaranja.com.ar/wp-content/uploads/2021/07/RejillaReforzada.jpg,https://www.medianaranja.com.ar/producto/rejilla-doble-reforzada/
REPASADORES,Microfibra,microfibra,81409,81409,37X60cm,7790927814097,17790927814094,Cajas de 30 unidades en 2 colores,80% poliéster + 20% poliamida,REPASADORES | MICROFIBRA | Super absorbente • Ultra resistente • Liviano • No deja vetas | Diseñado especialmente para el cuidado de tu cocina.,microfibra/img_1.jpg,https://www.medianaranja.com.ar/wp-content/uploads/2017/10/MediaNaranja_repasador.jpg,https://www.medianaranja.com.ar/producto/repasadores-microfibra/
SECADORES,Doble Goma Grande,doble-goma-grande,81501-412,81501-412,41cm,7790927815018,17790927815015,Cajas de 12 unidades (3 colores surtidos),Doble goma,SECADORES DE PISO | DOBLE GOMA GRANDE | Mayor calidad  • Facilidad de uso. | Su doble goma y detalle lateral hace que necesites menos pasadas para realizar la limpieza.,doble-goma-grande/img_1.jpg,https://www.medianaranja.com.ar/wp-content/uploads/2017/10/MediaNaranja_secadorG.jpg,https://www.medianaranja.com.ar/producto/doble-goma-grande/
SECADORES,Doble Goma Mediano,doble-goma-mediano,81500-412,81500-412,35cm,7790927815001,17790927815008,Cajas de 12 unidades (3 colores surtidos),Doble goma,SECADORES DE PISO | DOBLE GOMA MEDIANO | Mayor calidad  • Facilidad de uso. | Su doble goma y detalle lateral hace que necesites menos pasadas para realizar la limpieza.,doble-goma-mediano/img_1.jpg,https://www.medianaranja.com.ar/wp-content/uploads/2017/10/MediaNaranja_secadorM.jpg,https://www.medianaranja.com.ar/producto/doble-goma/
TRAPOS DE PISO,Compacto Gris Grande,compacto-gris-grande,382602-150,382602-150,58X60cm,7798136921742,57798136921747,Fardos de 50 unidades.,100% algodón,TRAPOS DE PISO | COMPACTO GRIS GRANDE | Super absorbente • Liviano | Se escurre sin esfuerzo.,compacto-gris-grande/img_1.jpg,https://www.medianaranja.com.ar/wp-content/uploads/2022/03/MediaNaranja_piso-compacto-gris-G.jpg,https://www.medianaranja.com.ar/producto/compacto-gris-grande/
TRAPOS DE PISO,Compacto Gris Mediano,compacto-gris-mediano,382601-150,382601-150,50X60cm,7798136921735,57798136921730,Fardos de 50 unidades.,100% algodón,TRAPOS DE PISO | COMPACTO GRIS MEDIANO | Super absorbente • Liviano | Se escurre sin esfuerzo.,compacto-gris-mediano/img_1.jpg,https://www.medianaranja.com.ar/wp-content/uploads/2022/03/MediaNaranja_piso-compacto-gris-M.jpg,https://www.medianaranja.com.ar/producto/compacto-gris-mediano/
TRAPOS DE PISO,Compacto blanco Mediano,compacto-blanco-mediano,382601-250,382601-250,50X60cm,7798136921759,57798136921754,Fardos de 50 unidades.,100% algodón,TRAPOS DE PISO | COMPACTO BLANCO MEDIANO | Super absorbente • Liviano | Se escurre sin esfuerzo.,compacto-blanco-mediano/img_1.jpg,https://www.medianaranja.com.ar/wp-content/uploads/2022/03/MediaNaranja_piso-compacto-blanco-M.jpg,https://www.medianaranja.com.ar/producto/compacto-blanco-mediano/
TRAPOS DE PISO,Compacto blanco Grande,compacto-blanco-grande,382602-250,382602-250,58X60cm,7798136921766,57798136921761,Fardos de 50 unidades.,100% algodón,TRAPOS DE PISO | COMPACTO BLANCO GRANDE | Super absorbente • Liviano | Se escurre sin esfuerzo.,compacto-blanco-grande/img_1.jpg,https://www.medianaranja.com.ar/wp-content/uploads/2022/03/MediaNaranja_piso-compacto-blanco-G.jpg,https://www.medianaranja.com.ar/producto/trapo-de-piso/
TRAPOS DE PISO,Doble Reforzado Bicolor Grande,doble-reforzado-bicolor-grande,81297,81297,58X60cm (Profesional),7790927812970,17790927812977,Fardos de 50 unidades,"97,4% algodón + 2,6% poliéster",TRAPOS DE PISO | DOBLE REFORZADO BICOLOR GRANDE | Super absorbente • Ultra resistente | Dura más porque trae un exclusivo refuerzo central en la zona más expuesta al desgaste.,doble-reforzado-bicolor-grande/img_1.jpg,https://www.medianaranja.com.ar/wp-content/uploads/2020/08/MediaNaranja_piso-reforzado-bicolor-G.jpg,https://www.medianaranja.com.ar/producto/doble-reforzado-bicolor-grande/
TRAPOS DE PISO,Doble Reforzado Bicolor Mediano,doble-reforzado-bicolor-mediano,81296,81296,48X60cm (Clásico),7790927812963,17790927812960,Fardos de 50 unidades,"97,4% algodón + 2,6% poliéster",TRAPOS DE PISO | DOBLE REFORZADO BICOLOR MEDIANO | Super absorbente • Ultra resistente | Dura más porque trae un exclusivo refuerzo central en la zona más expuesta al desgaste.,doble-reforzado-bicolor-mediano/img_1.jpg,https://www.medianaranja.com.ar/wp-content/uploads/2020/08/MediaNaranja_piso-reforzado-bicolor-M.jpg,https://www.medianaranja.com.ar/producto/doble-reforzado-bicolor-mediano/
TRAPOS DE PISO,Doble Reforzado Gris Extra Grande,doble-reforzado-gris-extra-grande,81292,81292,60X80cm (Consorcio),7790927812925,17790927812922,Fardos de 50 unidades,"97,4% algodón + 2,6% poliéster",TRAPOS DE PISO | DOBLE REFORZADO GRIS EXTRA GRANDE | Super absorbente • Ultra resistente. | El más grande del mercado. Dura más porque trae un exclusivo refuerzo central en la zona más expuesta al desgaste.,doble-reforzado-gris-extra-grande/img_1.jpg,https://www.medianaranja.com.ar/wp-content/uploads/2020/08/MediaNaranja_piso-reforzado-gris-XG.jpg,https://www.medianaranja.com.ar/producto/doble-reforzado-gris-extra-grande/
TRAPOS DE PISO,Doble Reforzado Gris Grande,doble-reforzado-gris-grande,81291,81291,58X60cm (Profesional),7790927812918,17790927812915,Fardos de 50 unidades,"97,4% algodón + 2,6% poliéster",TRAPOS DE PISO | DOBLE REFORZADO GRIS GRANDE | Super absorbente • Ultra resistente | Dura más porque trae un exclusivo refuerzo central en la zona más expuesta al desgaste.,doble-reforzado-gris-grande/img_1.jpg,https://www.medianaranja.com.ar/wp-content/uploads/2020/08/MediaNaranja_piso-reforzado-gris-G.jpg,https://www.medianaranja.com.ar/producto/doble-reforzado-gris-grande/
TRAPOS DE PISO,Doble Reforzado Gris Mediano,doble-reforzado-gris-mediano,81290,81290,48X60cm (Clásico),7790927812901,17790927812908,Fardos de 50 unidades,"97,4% algodón + 2,6% poliéster",TRAPOS DE PISO | DOBLE REFORZADO GRIS MEDIANO | Super absorbente • Ultra resistente | Dura más porque trae un exclusivo refuerzo central en la zona más expuesta al desgaste.,doble-reforzado-gris-mediano/img_1.jpg,https://www.medianaranja.com.ar/wp-content/uploads/2020/08/MediaNaranja_piso-reforzado-gris-M.jpg,https://www.medianaranja.com.ar/producto/doble-reforzado-gris-mediano/
TRAPOS DE PISO,Doble Reforzado Blanco Extra Grande,doble-reforzado-blanco-extra-grande,81295,81295,60X80cm (Consorcio),7790927812956,17790927812953,Fardos de 50 unidades,"97,4% algodón + 2,6% poliéster",TRAPOS DE PISO | DOBLE REFORZADO BLANCO EXTRA GRANDE | Super absorbente • Livano • Se escurre sin esfuerzo. | El más grande del mercado. Dura más porque trae un exclusivo refuerzo central en la zona más expuesta al desgaste.,doble-reforzado-blanco-extra-grande/img_1.jpg,https://www.medianaranja.com.ar/wp-content/uploads/2020/08/MediaNaranja_piso-reforzado-blanco-XG.jpg,https://www.medianaranja.com.ar/producto/doble-reforzado-blanco-extra-grande/
TRAPOS DE PISO,Doble Reforzado Blanco Grande,doble-reforzado-blanco-grande,81295,81295,58X60cm (Profesional),7790927812949,17790927812946,Fardos de 50 unidades,"97,4% algodón + 2,6% poliéster",TRAPOS DE PISO | DOBLE REFORZADO BLANCO GRANDE | Super absorbente • Livano • Se escurre sin esfuerzo. | Dura más porque trae un exclusivo refuerzo central en la zona más expuesta al desgaste.,doble-reforzado-blanco-grande/img_1.jpg,https://www.medianaranja.com.ar/wp-content/uploads/2020/08/MediaNaranja_piso-reforzado-blanco-G.jpg,https://www.medianaranja.com.ar/producto/doble-reforzado-blanco-grande/
TRAPOS DE PISO,Doble Reforzado Blanco Mediano,doble-reforzado-blanco-mediano,81293,81293,48X60cm (Clásico),7790927812932,17790927812939,Fardos de 50 unidades,"97,4% algodón + 2,6 % poliéster",TRAPOS DE PISO | DOBLE REFORZADO BLANCO MEDIANO | Super absorbente • Livano • Se escurre sin esfuerzo. | Dura más porque trae un exclusivo refuerzo central en la zona más expuesta al desgaste.,doble-reforzado-blanco-mediano/img_1.jpg,https://www.medianaranja.com.ar/wp-content/uploads/2020/08/MediaNaranja_piso-reforzado-blanco-M.jpg,https://www.medianaranja.com.ar/producto/doble-reforzado-blanco-mediano/
TRAPOS DE PISO,Doble Reforzado Multicolor Grande,doble-reforzado-multicolor-grande,81299,81299,58X60cm (Profesional),7790927812994,17790927812991,Fardos de 50 unidades,"97,4% algodón + 2,6% poliéster",TRAPOS DE PISO | DOBLE REFORZADO MULTICOLOR GRANDE | Super absorbente • Ultra resistente | Dura más porque trae un exclusivo refuerzo central en la zona más expuesta al desgaste.,doble-reforzado-multicolor-grande/img_1.jpg,https://www.medianaranja.com.ar/wp-content/uploads/2020/08/MediaNaranja_piso-reforzado-multicolor-G.jpg,https://www.medianaranja.com.ar/producto/trapo-de-piso-doble-reforzado-multicolor-grande/
TRAPOS DE PISO,Doble Reforzado Multicolor Mediano,doble-reforzado-multicolor-mediano,81298,81298,48X60cm (Clásico),7790927812987,17790927812984,Fardos de 50 unidades,"97,4% algodón + 2,6% poliéster",TRAPOS DE PISO | DOBLE REFORZADO MULTICOLOR MEDIANO | Super absorbente • Ultra resistente | Dura más porque trae un exclusivo refuerzo central en la zona más expuesta al desgaste.,doble-reforzado-multicolor-mediano/img_1.jpg,https://www.medianaranja.com.ar/wp-content/uploads/2020/08/MediaNaranja_piso-reforzado-multicolor-M.jpg,https://www.medianaranja.com.ar/producto/trapo-de-piso-doble-reforzado-multicolor-mediano/
