seccion,categoria,nombre,handle,precio,precio_lista,precio_transferencia,talles,colores,sku_base,n_variantes,n_fotos,descripcion,url
bano,alfombras,Alfombra Band (50x90cm) - Línea Essentials,alfombra-band-50x90cm-linea-essentials,29285.71,31538.46,"$20.500,00",Único: 50x90cm,Blanco | Gris | Visón,7798136923234,3,4,"Alfombra Band línea Essentials Alfombra de baño. Renová tu hogar con nuestra alfombra Lines confeccionada 100% en microfibra, de alta calidad. Su diseño mullido y base antideslizante la convierten en el complemento ideal para el confort y seguridad de tu baño. → Textil súper absorbente → Base antideslizante → Suave, mullida y resistente Una alfombra que merece ser tu Media Naranja ? - Fotos illustrativas -",https://www.medianaranja.store/productos/alfombra-band-50x90cm-linea-essentials/
bano,alfombras,Alfombra Lines (40x60cm) - Línea Essentials,alfombra-lines-40x60cm-linea-essentials,17428.57,18769.23,"$12.200,00",Único: 40x60cm,Gris claro | Gris oscuro | Lila,7798136923197,3,4,"Alfombra Lines línea Essentials Alfombra de baño rayada. Renová tu hogar con nuestra alfombra Lines confeccionada en chenille, de estilo bicolor. Su diseño mullido y base antideslizante la convierten en el complemento ideal para el confort y seguridad de tu baño. → Textil absorbente → Base antideslizante → Suave, mullida y resistente Una alfombra que merece ser tu Media Naranja ? - Fotos illustrativas -",https://www.medianaranja.store/productos/alfombra-lines-40x60cm-linea-essentials/
bano,toallas,Toallón Infinite 500 gr/m²- Línea Excellence,toallon-infinite-500-gr-m-linea-excellence-q60ct,27000,29076.92,"$18.900,00",Toallón: 70 x 140cm,Azul | Blanco | Bordó | Tormenta,7798136924392,4,1,"Toallón Infinite 500 gr/m² línea Excellence Los toallones de baño Infinite se destacan por su mayor cuerpo de absorbcion. Confeccionados con 100% algodón y un gramaje de 500 GR/M2. Brindan un equilibrio ideal entre confort, suavidad y rendimiento. Medida: 70 x 140cm. ¡Complementalo con la Toalla Infinite! → Mas cuerpo, mas confort. → Confección de 500 gr/m² - 100% algodón. → Suavidad extra en cada contacto. Un toallón que merece ser tu Media Naranja ? - Fotos illustrativas - Hilado Ringspun: cal",https://www.medianaranja.store/productos/toallon-infinite-500-gr-m-linea-excellence-q60ct/
bano,toallas,Toalla Infinite 500 gr/m² - Línea Excellence,toalla-infinite-500-gr-m-linea-excellence-ih8r4,12142.86,13076.92,"$8.500,00",Toalla: 45 x 80cm,Azul | Blanco | Bordó | Tormenta,7798136924415,4,1,"Toalla Infinite 500 gr/m² línea Excellence Las Toallas de rostro Infinite están confeccionadas con 100% algodón, con un gramaje de 500 GR/M2. Ofrecen una textura más suave y envolvente, con excelente capacidad de absorción para una experiencia superior en cada uso. Medida: 45 x 80 cm ¡Complementalo con la Toallón Infinite! → Mas cuerpo, mas confort. → Confección de 500 gr/m² - 100% algodón. → Suavidad extra en cada contacto. Una toalla que merece ser tu Media Naranja ? - Fotos illustrativas - Hi",https://www.medianaranja.store/productos/toalla-infinite-500-gr-m-linea-excellence-ih8r4/
bano,toallas,Toalla Hotelera Deluxe 630 gr/m² - Línea Excellence,toalla-hotelera-deluxe-630-gr-m-linea-excellence,16285.71,17538.46,"$11.400,00",Toalla: 50x90cm,Blanco | Negro | Tormenta | Visón,7798136925740,4,5,"Toalla Hotelera Deluxe 630 gr/m² línea Excellence Toalla de rostro hotelera luxury. Disfrutá la suavidad y absorción real de nuestra Toalla Deluxe. Confeccionada con hilado Ringspun + 100% Algodón Real ofrece: mayor resistencia, suavidad y extra absorción superior. Su gramaje de 630 GSM (gramos por metro cuadrado) aporta una densidad luxury propia de la hotelería de lujo: toalla más gruesa, suave y altamente absorbente, que transforma cada uso en una experiencia de spa auténtica. ¡Complementala ",https://www.medianaranja.store/productos/toalla-hotelera-deluxe-630-gr-m-linea-excellence/
bano,toallas,Toallón Galaxy 400 gr/m² - Línea Essentials,toallon-galaxy-400-gr-m-linea-essentials-9r9dc,18285.71,19692.31,"$12.800,00",Toallón: 70 x 140cm,Azulino | Blanco | Rosa | Tormenta | Verde,7798136925955,5,1,"Toallón Galaxy 400 gr/m² línea Essentials Los Toallones de baño Galaxy son ligeros y absorbentes. Con 100% algodón y un gramaje de 400 GR/M2. Brindan un balance entre tamaño práctico y absorción eficiente, pensados para el día a día. Medida 70 x 140cm ¡Complementalo con la Toalla Galaxy! → Calidad premium de uso diario → Confección de 400 gr/m² - 100% algodón → Práctico, absorbente y duradero Un toallón que merece ser tu Media Naranja ? - Fotos illustrativas - Hilado: calidad asegurada. - Mayor ",https://www.medianaranja.store/productos/toallon-galaxy-400-gr-m-linea-essentials-9r9dc/
bano,toallas,Toalla Premium Royale 600 gr/m² - Línea Essentials,toalla-premium-royale-600-gr-m-linea-essentials,13571.43,14615.38,"$9.500,00",Toalla: 50x80cm,Blanco | Negro | Tormenta | Visón,7798136925825,4,5,"Toalla Premium Royale 600 gr/m² línea Essentials Toalla de rostro premium. Disfrutá la practicidad, suavidad y absorción de nuestra Toalla Royale. Confeccionada con hilado Ringspun + 100% Algodón Real asegura: resistencia, suavidad y absorción superior. Su gramaje de 600 GSM (gramos por metro cuadrado) aporta una densidad premium propia para el uso diario: toalla duradera, suave y altamente absorbente, que transforma cada uso en una experiencia de Lujo Real. ¡Complementala con el Toallón Royale!",https://www.medianaranja.store/productos/toalla-premium-royale-600-gr-m-linea-essentials/
bano,toallas,Toallón Premium Royale 600 gr/m² - Línea Essentials,toallon-premium-royale-600-gr-m-linea-essentials,35857.14,38615.38,"$25.100,00",Toallón: 78x140cm,Blanco | Negro | Tormenta | Visón,7798136925863,4,5,"Toallón Premium Royale 600 gr/m² línea Essentials Toallón de baño premium. Disfrutá la practicidad, suavidad y absorción de nuestro Toallón Royale. Confeccionado con hilado Ringspun + 100% Algodón Real asegura: resistencia, suavidad y absorción superior. Su gramaje de 600 GSM (gramos por metro cuadrado) aporta una densidad premium propia para el uso diario: toallón duradero, suave y altamente absorbente, que transforma cada uso en una experiencia de Lujo Real. ¡Complementalo con la Toalla Royale",https://www.medianaranja.store/productos/toallon-premium-royale-600-gr-m-linea-essentials/
bano,toallas,Toalla Galaxy 400 gr/m² - Línea Essentials,toalla-galaxy-400-gr-m-linea-essentials-jammk,8142.86,8769.23,"$5.700,00",Toalla: 45 x 80cm,Azulino | Blanco | Rosa | Tormenta | Verde,7798136926013,5,1,"Toalla Galaxy 400 gr/m² línea Essentials Las Toallas de rostro Galaxy están confeccionadas con 100% algodón, con un gramaje de 400 GR/M2. Son livianas, suaves y absorbentes, ideales para el uso diario y una rutina práctica y confortable. Medida 45 x 80cm ¡Complementalo con la Toallón Galaxy! → Calidad premium de uso diario → Confección de 400 gr/m² - 100% algodón → Práctico, absorbente y duradero Una toalla que merece ser tu Media Naranja ? - Fotos illustrativas - Hilado: calidad asegurada. - Ma",https://www.medianaranja.store/productos/toalla-galaxy-400-gr-m-linea-essentials-jammk/
bano,toallas,Toallón Hotelero Deluxe 630 gr/m²- Línea Excellence,toallon-hotelero-deluxe-630-gr-m-linea-excellence,48000,51692.31,"$33.600,00",Toallón: 85x165cm,Blanco | Negro | Tormenta | Visón,7798136925788,4,5,"Toallón Hotelero Deluxe 630 gr/m² línea Excellence Toallón de baño hotelero luxury. Disfrutá la suavidad y absorción real de nuestro Toallón Deluxe. Confeccionado con hilado Ringspun + 100% Algodón Real ofrece: mayor resistencia, suavidad y extra absorción superior. Su gramaje de 630 GSM (gramos por metro cuadrado) aporta una densidad luxury propia de la hotelería de lujo: toallón más grueso, suave y altamente absorbente, que transforma cada uso en una experiencia de spa auténtica. ¡Complemental",https://www.medianaranja.store/productos/toallon-hotelero-deluxe-630-gr-m-linea-excellence/
bano,toallas,Toallón Dryfit Secado Rápido - Línea Essentials,toallon-dryfit-secado-rapido-linea-essentials,17428.57,18769.23,"$12.200,00",Único: 70x150cm,Gris,7798136924354,1,2,"Toallón Dryfit Secado Rápido línea Essentials Toallón de microfibra premium. Revolucioná tu rutina de secado con nuestro toallón Dryfit confeccionado 100% en microfibra de alta calidad. Su diseño de secado rápido, liviano y resistente lo convierte en el complemento ideal para entrenamientos físicos, viajes y/o días de playa. → Secado rápido de alta absorción → Textura suave, ideal para piel delicada → Liviano, compacto y duradero Un toallón que merece ser tu Media Naranja ? - Fotos illustrativas",https://www.medianaranja.store/productos/toallon-dryfit-secado-rapido-linea-essentials/
cocina,repasadores,Repasador Stelar - Línea Essentials,repasador-stelar-linea-essentials,6714.29,7230.77,"$4.700,00",Único: 44x65cm,Blanco | Chocolate | Gris | Negro,821071020101,4,5,"Repasador Stelar línea Essentials Repasador de cocina. Renová tu hogar con nuestro repasador Stelar confeccionado 88% algodón y 12% poliéster. Su diseño liviano y absorbente lo convierten en el complemento ideal para la practicidad del día a día. → Costuras reforzadas → Calidad súper resistente y absorbente → Práctico, liviano y funcional Un repasador que merece ser tu Media Naranja ? - Fotos illustrativas -",https://www.medianaranja.store/productos/repasador-stelar-linea-essentials/
dormitorio,acolchados,Acolchado Comfort - Línea Excellence,acolchado-comfort-linea-excellence,88714.29,95538.46,"$62.100,00",King: 280x250cm | Queen: 240x240cm | Twin: 180x240cm,Blanco | Cemento | Gris | Visón,7798136924255,12,5,Acolchado Comfort línea Excellence Set de acolchado con fundas premium. Sumergite en la comodidad diaria con nuestro acolchado Comfort de microfibra prelavada. Su textura súper mullida y extra suave lo convierte en la opción ideal para un descanso reparador todos los días. → Calidad premium → Textura súper suave y mullida → Relleno de fibra sintética Un acolchado que merece ser tu Media Naranja ? - Fotos illustrativas -,https://www.medianaranja.store/productos/acolchado-comfort-linea-excellence/
dormitorio,acolchados,Acolchado Double - Línea Essentials,acolchado-double-linea-essentials,69571.43,74923.08,"$48.700,00",King: 280x250cm | Queen: 220x240cm | Twin: 160x240cm,Azul | Blanco | Gris | Lila,7798136925221,12,5,"Acolchado Double línea Essentials Set de acolchado bitono reversible. Disfrutá el confort diario con nuestro acolchado Double de microfibra super soft. Su textura suave, peso liviano y diseño bicolor lo convierte en la opción ideal para renovar el descanso de cada día. → Color bitono reversible → Suave, abrigado y liviano → Relleno de microfibra Un acolchado que merece ser tu Media Naranja ? - Fotos illustrativas -",https://www.medianaranja.store/productos/acolchado-double-linea-essentials/
dormitorio,cubrecama,Cubrecama Cloud - Línea Essentials,cubrecama-cloud-linea-essentials,47285.71,50923.08,"$33.100,00",King: 280x250cm | Queen: 240x240cm | Twin: 170x240,Blanco | Gris | Lila,7798136923111,9,4,"Cubrecama Cloud línea Essentials Set de cubrecama con fundas. Renová tu descanso con nuestro cover Cloud confeccionado en microfibra soft. Su diseño de secado rápido, liviano y resistente lo convierte en el complemento ideal para la practicidad del día a día. → Secado rápido antiarrugas → Suave y resistente → Microfibra soft Un cover que merece ser tu Media Naranja ? - Fotos illustrativas -",https://www.medianaranja.store/productos/cubrecama-cloud-linea-essentials/
dormitorio,cubrecama,Cubrecama Cozy - Línea Excellence,cubrecama-cozy-linea-excellence,64428.57,69384.62,"$45.100,00",King: 280x250cm | Queen: 240x240cm | Twin: 170x240cm,Blanco | Gris | Visón,7798136923029,9,4,Cubrecama Cozy línea Excellence Set de cubrecama con fundas premium. Cuidá el descanso con la calidez de nuestro cover Cozy de microfibra prelavada súper soft. Su diseño liviano y extra suave lo convierte en el complemento ideal para el descanso de todos los días. → Calidad premium → Suave y liviano → Microfibra super soft Un cover que merece ser tu Media Naranja ? - Fotos illustrativas -,https://www.medianaranja.store/productos/cubrecama-cozy-linea-excellence/
dormitorio,frazadas,Frazada Corderito Square - Línea Essentials,frazada-corderito-square-linea-essentials,43571.43,46923.08,"$30.500,00",King: 240x270cm | Queen: 220x240cm | Twin: 160x240cm,Gris | Natural | Visón,7798136925351,9,4,"Frazada Square línea Essentials Frazada de invierno. Cuidá el descanso con la calidez de nuestra frazada Square confeccionada 100% en corderito, con interior tipo sherpa y exterior con textura jacquard. Su diseño suave, cálido y mullido lo convierte en el complemento ideal para el descanso invernal. → Calidez y abrigo asegurado → Confección 100% corderito → Suave, liviano y mullido Una frazada que merece ser tu Media Naranja ? - Fotos illustrativas -",https://www.medianaranja.store/productos/frazada-corderito-square-linea-essentials/
dormitorio,mantas,Manta Tejida Acrílica Dots - Línea Excellence,manta-tejida-acrilica-dots-linea-excellence,101000,108769.23,"$70.700,00",Natural | Visón,,7798136925436,2,3,"Manta Dots línea Excellence Manta premium. Decorá tu hogar con nuestra manta Dots confeccionada en tejido 100% acrílico de alta calidad. Su diseño premium y versátil la convierten en el complemento ideal para cada rincón de la casa. → Ideal para pie de cama y sillones → Confección 100% tejido acrílico → Suave, cálido y resistente Una manta que merece ser tu Media Naranja ? - Fotos illustrativas -",https://www.medianaranja.store/productos/manta-tejida-acrilica-dots-linea-excellence/
dormitorio,sabanas,Sábanas Percal 200 Hilos 100% Algodón - Línea Essentials,sabanas-percal-200-hilos-100-algodon-linea-essentials,100428.57,108153.85,"$70.300,00",King | Queen | Twin,Blanco | Gris | Lila,7798136922848,9,4,Sábanas Percal 200 Hilos 100% Algodón línea Essentials Set de sábanas con fundas. Disfrutá el descanso que mereces con nuestras Sábanas Percal de 200 Hilos confeccionadas 100% en algodón. Su textura suave y calidad duradera las convierten en la opción ideal para un descanso reparador del día a día. → Calidad premium → Confección de 200 Hilos - 100% algodón → Frescas y resistentes Unas sábanas que merecen ser tu Media Naranja ? - Fotos illustrativas -,https://www.medianaranja.store/productos/sabanas-percal-200-hilos-100-algodon-linea-essentials/
dormitorio,sabanas,Sábanas Satén 600 Hilos 100% Algodón - Línea Excellence,sabanas-saten-600-hilos-100-algodon-linea-excellence,189428.57,204000,"$132.600,00",King | Queen | Twin,Blanco | Gris | Visón,7798136922930,9,4,"Sábanas Satén 600 Hilos 100% Algodón línea Excellence Set de sábanas con fundas luxury. Disfrutá el descanso que mereces con nuestras Sábanas Satén de 600 Hilos confeccionadas 100% en algodón de calidad única hotelera. Su textura sedosa, confección liviana y calidad premium las convierten en la opción ideal para un descanso de excelencia. → Calidad luxury → Confección de 600 Hilos - 100% algodón → Suaves y duraderas Unas sábanas que merecen ser tu Media Naranja ? - Fotos illustrativas -",https://www.medianaranja.store/productos/sabanas-saten-600-hilos-100-algodon-linea-excellence/
